{
  "reference_model": "gemma",
  "common_quadrants": [
    "HP-D",
    "HP-S",
    "LP",
    "NP",
    "HN-D",
    "HN-S",
    "LN",
    "NB",
    "HB"
  ],
  "rep": "h_first.layer-stack",
  "models": {
    "gemma": {
      "n_rows": 1440,
      "explained_variance_ratio_pc123": [
        0.23202337324619293,
        0.12029456347227097,
        0.11773733794689178
      ],
      "centroids_3d": {
        "HP-D": [
          27.88938331604004,
          50.775794982910156,
          51.80487060546875
        ],
        "HP-S": [
          79.39347839355469,
          69.63771057128906,
          -86.83122253417969
        ],
        "LP": [
          83.0984115600586,
          -58.383399963378906,
          1.644813895225525
        ],
        "NP": [
          64.6644058227539,
          21.203189849853516,
          -24.543624877929688
        ],
        "HN-D": [
          -118.27372741699219,
          41.14204788208008,
          -2.114542245864868
        ],
        "HN-S": [
          -94.64105987548828,
          -13.545720100402832,
          -35.507225036621094
        ],
        "LN": [
          -62.582908630371094,
          -86.11669921875,
          -43.98371124267578
        ],
        "NB": [
          69.71562194824219,
          -55.858985900878906,
          63.496482849121094
        ],
        "HB": [
          -49.2636604309082,
          31.146276473999023,
          76.03435516357422
        ]
      },
      "procrustes_rotation_deg": 0.0,
      "procrustes_residual": 0.0,
      "procrustes_R": [
        [
          1.0,
          0.0,
          0.0
        ],
        [
          0.0,
          1.0,
          0.0
        ],
        [
          0.0,
          0.0,
          1.0
        ]
      ]
    },
    "qwen": {
      "n_rows": 1419,
      "explained_variance_ratio_pc123": [
        0.2517980933189392,
        0.13684184849262238,
        0.12061117589473724
      ],
      "centroids_3d": {
        "HP-D": [
          30.2530574798584,
          -49.58317947387695,
          84.14453125
        ],
        "HP-S": [
          97.61536407470703,
          -138.2968292236328,
          -104.77408599853516
        ],
        "LP": [
          150.35958862304688,
          78.51544952392578,
          -6.289529800415039
        ],
        "NP": [
          90.37409973144531,
          -32.2490119934082,
          -49.336666107177734
        ],
        "HN-D": [
          -192.82186889648438,
          -51.0303840637207,
          -2.772019386291504
        ],
        "HN-S": [
          -112.46598052978516,
          28.24087905883789,
          -50.40187454223633
        ],
        "LN": [
          -73.84483337402344,
          135.83546447753906,
          -72.10548400878906
        ],
        "NB": [
          101.03721618652344,
          57.52471923828125,
          103.9996566772461
        ],
        "HB": [
          -87.66519165039062,
          -30.580049514770508,
          98.50569915771484
        ]
      },
      "procrustes_rotation_deg": 90.03856837360848,
      "procrustes_residual": 41.03449630737305,
      "procrustes_R": [
        [
          0.9909756183624268,
          -0.1302138715982437,
          -0.03180297091603279
        ],
        [
          -0.12750130891799927,
          -0.9889156818389893,
          0.07608839869499207
        ],
        [
          0.04135821387171745,
          0.07134655117988586,
          0.9965937733650208
        ]
      ]
    },
    "ministral": {
      "n_rows": 1359,
      "explained_variance_ratio_pc123": [
        0.16841144859790802,
        0.11454704403877258,
        0.09121832251548767
      ],
      "centroids_3d": {
        "HP-D": [
          4.110645294189453,
          -2.2433419227600098,
          9.104191780090332
        ],
        "HP-S": [
          14.782343864440918,
          -44.82242965698242,
          -24.679391860961914
        ],
        "LP": [
          31.993215560913086,
          17.028160095214844,
          -21.061899185180664
        ],
        "NP": [
          5.183332443237305,
          -14.610432624816895,
          -0.2564191222190857
        ],
        "HN-D": [
          -37.84596633911133,
          9.303409576416016,
          4.892366886138916
        ],
        "HN-S": [
          -28.684852600097656,
          3.3056278228759766,
          -0.448255717754364
        ],
        "LN": [
          -29.423707962036133,
          8.679095268249512,
          -11.918264389038086
        ],
        "NB": [
          40.642250061035156,
          20.39318084716797,
          11.33689022064209
        ],
        "HB": [
          -0.5498077273368835,
          1.9610563516616821,
          30.521976470947266
        ]
      },
      "procrustes_rotation_deg": 92.88739868117608,
      "procrustes_residual": 116.3349609375,
      "procrustes_R": [
        [
          0.9329500794410706,
          -0.09822068363428116,
          0.34634894132614136
        ],
        [
          -0.25007253885269165,
          -0.8688831329345703,
          0.4272080063819885
        ],
        [
          -0.258976012468338,
          0.4851755201816559,
          0.8351864814758301
        ]
      ]
    },
    "gpt_oss_20b": {
      "n_rows": 1439,
      "explained_variance_ratio_pc123": [
        0.13039913773536682,
        0.10013877600431442,
        0.08120681345462799
      ],
      "centroids_3d": {
        "HP-D": [
          230.9568634033203,
          -775.5071411132812,
          -313.66900634765625
        ],
        "HP-S": [
          -242.21408081054688,
          1356.17529296875,
          -1149.407958984375
        ],
        "LP": [
          1099.97509765625,
          594.83740234375,
          281.61297607421875
        ],
        "NP": [
          -588.2901611328125,
          532.7317504882812,
          31.3751220703125
        ],
        "HN-D": [
          -836.6031494140625,
          -653.8450927734375,
          68.36840057373047
        ],
        "HN-S": [
          -159.1093292236328,
          -651.6697387695312,
          -422.08819580078125
        ],
        "LN": [
          -236.0851287841797,
          -359.8160705566406,
          -28.93721580505371
        ],
        "NB": [
          1210.0582275390625,
          421.2381286621094,
          1094.105712890625
        ],
        "HB": [
          -471.813720703125,
          -460.4267578125,
          440.4015197753906
        ]
      },
      "procrustes_rotation_deg": 65.5062490049001,
      "procrustes_residual": 214.7565460205078,
      "procrustes_R": [
        [
          0.42204874753952026,
          -0.9064759612083435,
          -0.013256430625915527
        ],
        [
          0.8950574994087219,
          0.4189665913581848,
          -0.15277099609375
        ],
        [
          0.14403723180294037,
          0.052611589431762695,
          0.9881726503372192
        ]
      ]
    },
    "granite": {
      "n_rows": 1156,
      "explained_variance_ratio_pc123": [
        0.2397359311580658,
        0.10706990212202072,
        0.07685967534780502
      ],
      "centroids_3d": {
        "HP-D": [
          27.440059661865234,
          -23.12445831298828,
          42.71186065673828
        ],
        "HP-S": [
          72.29054260253906,
          124.938720703125,
          13.614288330078125
        ],
        "LP": [
          82.17485046386719,
          -22.951313018798828,
          -42.68349838256836
        ],
        "NP": [
          59.09429168701172,
          31.657297134399414,
          -6.907372951507568
        ],
        "HN-D": [
          -94.6540756225586,
          17.706310272216797,
          11.43111515045166
        ],
        "HN-S": [
          -70.6116714477539,
          16.284130096435547,
          -1.5691502094268799
        ],
        "LN": [
          -53.38789749145508,
          -14.470096588134766,
          -66.89124298095703
        ],