{
  "reference_model": "gemma",
  "common_quadrants": [
    "HP-D",
    "HP-S",
    "LP",
    "NP",
    "HN-D",
    "HN-S",
    "LN",
    "NB",
    "HB"
  ],
  "rep": "h_first.layer-stack",
  "models": {
    "gemma": {
      "n_rows": 1440,
      "explained_variance_ratio_pc123": [
        0.23202332854270935,
        0.1202947273850441,
        0.11773764342069626
      ],
      "centroids_3d": {
        "HP-D": [
          27.88920021057129,
          50.773658752441406,
          51.80695343017578
        ],
        "HP-S": [
          79.39347839355469,
          69.6412582397461,
          -86.82886505126953
        ],
        "LP": [
          83.09844207763672,
          -58.383514404296875,
          1.6426817178726196
        ],
        "NP": [
          64.66459655761719,
          21.204391479492188,
          -24.542583465576172
        ],
        "HN-D": [
          -118.27375793457031,
          41.14225387573242,
          -2.1130824089050293
        ],
        "HN-S": [
          -94.6409912109375,
          -13.544489860534668,
          -35.508079528808594
        ],
        "LN": [
          -62.58274459838867,
          -86.11491394042969,
          -43.9870719909668
        ],
        "NB": [
          69.71562957763672,
          -55.86145782470703,
          63.49406051635742
        ],
        "HB": [
          -49.263816833496094,
          31.143320083618164,
          76.03572082519531
        ]
      },
      "procrustes_rotation_deg": 0.0,
      "procrustes_residual": 0.0,
      "procrustes_R": [
        [
          1.0,
          0.0,
          0.0
        ],
        [
          0.0,
          1.0,
          0.0
        ],
        [
          0.0,
          0.0,
          1.0
        ]
      ]
    },
    "gemma_introspect": {
      "n_rows": 1437,
      "explained_variance_ratio_pc123": [
        0.24488003551959991,
        0.14151598513126373,
        0.12224813550710678
      ],
      "centroids_3d": {
        "HP-D": [
          -28.50673484802246,
          56.399566650390625,
          69.9015884399414
        ],
        "HP-S": [
          -119.58126068115234,
          -93.46070098876953,
          47.79736328125
        ],
        "LP": [
          -79.87092590332031,
          31.344064712524414,
          -74.52786254882812
        ],
        "NP": [
          -88.64324188232422,
          -21.002338409423828,
          -13.932723999023438
        ],
        "HN-D": [
          100.60484313964844,
          -41.81549835205078,
          31.715381622314453
        ],
        "HN-S": [
          94.9271011352539,
          -51.345088958740234,
          -0.7211637496948242
        ],
        "LN": [
          71.32990264892578,
          -32.85832977294922,
          -91.0286636352539
        ],
        "NB": [
          -14.757179260253906,
          104.2029800415039,
          -23.08086585998535
        ],
        "HB": [
          64.16546630859375,
          47.98241424560547,
          54.60820388793945
        ]
      },
      "procrustes_rotation_deg": 163.89962566167895,
      "procrustes_residual": 57.511817932128906,
      "procrustes_R": [
        [
          -0.9577579498291016,
          -0.1776302009820938,
          0.22615750133991241
        ],
        [
          0.26876190304756165,
          -0.2731100618839264,
          0.9236766695976257
        ],
        [
          -0.10230696201324463,
          0.9454410076141357,
          0.3093132972717285
        ]
      ]
    },
    "qwen": {
      "n_rows": 1419,
      "explained_variance_ratio_pc123": [
        0.2517986595630646,
        0.13684196770191193,
        0.12061132490634918
      ],
      "centroids_3d": {
        "HP-D": [
          30.253023147583008,
          -49.58376693725586,
          84.1443862915039
        ],
        "HP-S": [
          97.6154556274414,
          -138.29647827148438,
          -104.77479553222656
        ],
        "LP": [
          150.35995483398438,
          78.51537322998047,
          -6.289371013641357
        ],
        "NP": [
          90.37423706054688,
          -32.24886703491211,
          -49.33701705932617
        ],
        "HN-D": [
          -192.8220977783203,
          -51.03033447265625,
          -2.7724459171295166
        ],
        "HN-S": [
          -112.46595764160156,
          28.241268157958984,
          -50.401554107666016
        ],
        "LN": [
          -73.84481048583984,
          135.8357696533203,
          -72.1048812866211
        ],
        "NB": [
          101.03730773925781,
          57.52416229248047,
          104.0
        ],
        "HB": [
          -87.66529846191406,
          -30.580507278442383,
          98.50579071044922
        ]
      },
      "procrustes_rotation_deg": 90.03858032644224,
      "procrustes_residual": 41.03473663330078,
      "procrustes_R": [
        [
          0.9909756183624268,
          -0.13021279871463776,
          -0.03180708736181259
        ],
        [
          -0.1275017112493515,
          -0.9889192581176758,
          0.07604479789733887
        ],
        [
          0.04135663062334061,
          0.07130306959152222,
          0.9965969324111938
        ]
      ]
    },
    "ministral": {
      "n_rows": 1359,
      "explained_variance_ratio_pc123": [
        0.16841156780719757,
        0.11454695463180542,
        0.0912182405591011
      ],
      "centroids_3d": {
        "HP-D": [
          4.110654830932617,
          -2.2433714866638184,
          9.104159355163574
        ],
        "HP-S": [
          14.782196998596191,
          -44.82258987426758,
          -24.679166793823242
        ],
        "LP": [
          31.99321746826172,
          17.02794075012207,
          -21.062000274658203
        ],
        "NP": [
          5.183289527893066,
          -14.610462188720703,
          -0.2563558518886566
        ],
        "HN-D": [
          -37.84595489501953,
          9.303506851196289,
          4.892321586608887
        ],
        "HN-S": [
          -28.68488883972168,
          3.305692434310913,
          -0.4482424557209015
        ],
        "LN": [
          -29.4237003326416,
          8.679078102111816,
          -11.918251991271973
        ],
        "NB": [
          40.642311096191406,
          20.393281936645508,
          11.336773872375488
        ],
        "HB": [
          -0.5497454404830933,
          1.9612150192260742,
          30.521930694580078
        ]
      },
      "procrustes_rotation_deg": 92.88735935766626,
      "procrustes_residual": 116.33509063720703,
      "procrustes_R": [
        [
          0.9329492449760437,
          -0.09823524206876755,
          0.34634706377983093
        ],
        [
          -0.2500755786895752,
          -0.8688971996307373,
          0.4271768033504486
        ],
        [
          -0.25897619128227234,
          0.4851468801498413,
          0.8352027535438538
        ]
      ]
    },
    "gpt_oss_20b": {
      "n_rows": 1439,
      "explained_variance_ratio_pc123": [
        0.13039882481098175,
        0.10013885051012039,
        0.08120686560869217
      ],
      "centroids_3d": {
        "HP-D": [
          230.95675659179688,
          -775.5075073242188,
          -313.66534423828125
        ],
        "HP-S": [
          -242.2159881591797,
          1356.17919921875,
          -1149.405517578125
        ],
        "LP": [
          1099.9739990234375,
          594.8365478515625,
          281.62060546875
        ],
        "NP": [
          -588.2894287109375,
          532.7315673828125,
          31.379114151000977
        ],
        "HN-D": [
          -836.6022338867188,
          -653.8450927734375,
          68.3646240234375
        ],
        "HN-S": [
          -159.1081085205078,
          -651.6682739257812,
          -422.0926208496094
        ],
        "LN": [
          -236.0843505859375,
          -359.81573486328125,
          -28.94253158569336
        ],