{
  "reference_model": "gemma",
  "common_quadrants": [
    "HP-D",
    "HP-S",
    "LP",
    "NP",
    "HN-D",
    "HN-S",
    "LN",
    "NB",
    "HB"
  ],
  "rep": "h_first.layer-stack",
  "models": {
    "gemma": {
      "n_rows": 1440,
      "explained_variance_ratio_pc123": [
        0.2320232391357422,
        0.1202947273850441,
        0.11773749440908432
      ],
      "centroids_3d": {
        "HP-D": [
          27.889339447021484,
          50.7755241394043,
          51.80529022216797
        ],
        "HP-S": [
          79.39328002929688,
          69.63825988769531,
          -86.83103942871094
        ],
        "LP": [
          83.09854888916016,
          -58.38359451293945,
          1.6443614959716797
        ],
        "NP": [
          64.66453552246094,
          21.203441619873047,
          -24.543588638305664
        ],
        "HN-D": [
          -118.27369689941406,
          41.14204025268555,
          -2.1142261028289795
        ],
        "HN-S": [
          -94.64109802246094,
          -13.545536994934082,
          -35.50714874267578
        ],
        "LN": [
          -62.58284378051758,
          -86.11665344238281,
          -43.984317779541016
        ],
        "NB": [
          69.71559143066406,
          -55.8593635559082,
          63.49611282348633
        ],
        "HB": [
          -49.26374053955078,
          31.145771026611328,
          76.03462982177734
        ]
      },
      "procrustes_rotation_deg": 0.0,
      "procrustes_residual": 0.0,
      "procrustes_R": [
        [
          1.0,
          0.0,
          0.0
        ],
        [
          0.0,
          1.0,
          0.0
        ],
        [
          0.0,
          0.0,
          1.0
        ]
      ]
    },
    "qwen": {
      "n_rows": 1419,
      "explained_variance_ratio_pc123": [
        0.2517983019351959,
        0.1368417590856552,
        0.12061112374067307
      ],
      "centroids_3d": {
        "HP-D": [
          30.253145217895508,
          -49.58351516723633,
          84.1445083618164
        ],
        "HP-S": [
          97.61561584472656,
          -138.29653930664062,
          -104.77425384521484
        ],
        "LP": [
          150.35963439941406,
          78.51544189453125,
          -6.289417266845703
        ],
        "NP": [
          90.37411499023438,
          -32.24882507324219,
          -49.33692169189453
        ],
        "HN-D": [
          -192.8219757080078,
          -51.030521392822266,
          -2.7726049423217773
        ],
        "HN-S": [
          -112.4659423828125,
          28.241008758544922,
          -50.40156936645508
        ],
        "LN": [
          -73.84477996826172,
          135.83534240722656,
          -72.10488891601562
        ],
        "NB": [
          101.03709411621094,
          57.52434158325195,
          103.99996185302734
        ],
        "HB": [
          -87.66533660888672,
          -30.580440521240234,
          98.50575256347656
        ]
      },
      "procrustes_rotation_deg": 90.03856495851312,
      "procrustes_residual": 41.03458786010742,
      "procrustes_R": [
        [
          0.9909759163856506,
          -0.13021275401115417,
          -0.03180505707859993
        ],
        [
          -0.12750037014484406,
          -0.9889166355133057,
          0.07607927918434143
        ],
        [
          0.04135902598500252,
          0.07133749127388,
          0.9965945482254028
        ]
      ]
    },
    "ministral": {
      "n_rows": 1359,
      "explained_variance_ratio_pc123": [
        0.16841112077236176,
        0.11454702168703079,
        0.0912182629108429
      ],
      "centroids_3d": {
        "HP-D": [
          4.110653877258301,
          -2.2433409690856934,
          9.10416030883789
        ],
        "HP-S": [
          14.78245735168457,
          -44.822601318359375,
          -24.67916488647461
        ],
        "LP": [
          31.993141174316406,
          17.028091430664062,
          -21.06197166442871
        ],
        "NP": [
          5.183362007141113,
          -14.6104154586792,
          -0.25635501742362976
        ],
        "HN-D": [
          -37.845977783203125,
          9.303361892700195,
          4.892264366149902
        ],
        "HN-S": [
          -28.684814453125,
          3.305551290512085,
          -0.44824880361557007
        ],
        "LN": [
          -29.4237117767334,
          8.678959846496582,
          -11.918254852294922
        ],
        "NB": [
          40.64212417602539,
          20.393400192260742,
          11.33678150177002
        ],
        "HB": [
          -0.5497992634773254,
          1.9612699747085571,
          30.521883010864258
        ]
      },
      "procrustes_rotation_deg": 92.88736106738405,
      "procrustes_residual": 116.33522033691406,
      "procrustes_R": [
        [
          0.9329507350921631,
          -0.09822008013725281,
          0.34634655714035034
        ],
        [
          -0.2500709295272827,
          -0.8688830733299255,
          0.42720818519592285
        ],
        [
          -0.25897425413131714,
          0.4851752817630768,
          0.8351870775222778
        ]
      ]
    },
    "gpt_oss_20b": {
      "n_rows": 1439,
      "explained_variance_ratio_pc123": [
        0.13039903342723846,
        0.10013893246650696,
        0.0812068060040474
      ],
      "centroids_3d": {
        "HP-D": [
          230.95449829101562,
          -775.5082397460938,
          -313.6691589355469
        ],
        "HP-S": [
          -242.2126007080078,
          1356.180908203125,
          -1149.403564453125
        ],
        "LP": [
          1099.9755859375,
          594.8323974609375,
          281.6168518066406
        ],
        "NP": [
          -588.2879638671875,
          532.733642578125,
          31.378332138061523
        ],
        "HN-D": [
          -836.6036987304688,
          -653.8429565429688,
          68.36470794677734
        ],
        "HN-S": [
          -159.1099090576172,
          -651.668701171875,
          -422.09185791015625
        ],
        "LN": [
          -236.08468627929688,
          -359.8150939941406,
          -28.939926147460938
        ],
        "NB": [
          1210.0595703125,
          421.232177734375,
          1094.1060791015625
        ],
        "HB": [
          -471.8143615722656,
          -460.42694091796875,
          440.39776611328125
        ]
      },
      "procrustes_rotation_deg": 65.50618145404258,
      "procrustes_residual": 214.7566375732422,
      "procrustes_R": [
        [
          0.422049880027771,
          -0.9064755439758301,
          -0.013262331485748291
        ],
        [
          0.8950561285018921,
          0.41896820068359375,
          -0.15277493000030518
        ],
        [
          0.1440432369709015,
          0.05260801315307617,
          0.9881720542907715
        ]
      ]
    },
    "granite": {
      "n_rows": 1156,
      "explained_variance_ratio_pc123": [
        0.23973573744297028,
        0.1070699617266655,
        0.07685964554548264
      ],
      "centroids_3d": {
        "HP-D": [
          27.4400577545166,
          -23.124530792236328,
          42.71185302734375
        ],
        "HP-S": [
          72.29058837890625,
          124.93878936767578,
          13.614330291748047
        ],
        "LP": [
          82.17475128173828,
          -22.951332092285156,
          -42.683555603027344
        ],
        "NP": [
          59.094234466552734,
          31.65726089477539,
          -6.90739107131958
        ],
        "HN-D": [
          -94.65397644042969,
          17.706302642822266,
          11.43111801147461
        ],
        "HN-S": [
          -70.61166381835938,
          16.28420639038086,
          -1.5690988302230835
        ],
        "LN": [
          -53.38790512084961,
          -14.470076560974121,
          -66.89111328125
        ],