{
  "reference_model": "gemma",
  "common_quadrants": [
    "HP-D",
    "HP-S",
    "LP",
    "NP",
    "HN-D",
    "HN-S",
    "LN",
    "NB",
    "HB"
  ],
  "rep": "h_first.layer-stack",
  "models": {
    "gemma": {
      "n_rows": 1440,
      "explained_variance_ratio_pc123": [
        0.23202362656593323,
        0.12029456347227097,
        0.11773744970560074
      ],
      "centroids_3d": {
        "HP-D": [
          27.889404296875,
          50.77254867553711,
          51.80817413330078
        ],
        "HP-S": [
          79.3933334350586,
          69.6432113647461,
          -86.82719421386719
        ],
        "LP": [
          83.09859466552734,
          -58.38367462158203,
          1.6411126852035522
        ],
        "NP": [
          64.66456604003906,
          21.204967498779297,
          -24.54231834411621
        ],
        "HN-D": [
          -118.27397155761719,
          41.14213943481445,
          -2.111971139907837
        ],
        "HN-S": [
          -94.64105987548828,
          -13.5436372756958,
          -35.50796890258789
        ],
        "LN": [
          -62.58287811279297,
          -86.11375427246094,
          -43.98918151855469
        ],
        "NB": [
          69.71562194824219,
          -55.86296463012695,
          63.492835998535156
        ],
        "HB": [
          -49.263710021972656,
          31.141498565673828,
          76.03643035888672
        ]
      },
      "procrustes_rotation_deg": 0.0,
      "procrustes_residual": 0.0,
      "procrustes_R": [
        [
          1.0,
          0.0,
          0.0
        ],
        [
          0.0,
          1.0,
          0.0
        ],
        [
          0.0,
          0.0,
          1.0
        ]
      ]
    },
    "qwen": {
      "n_rows": 1419,
      "explained_variance_ratio_pc123": [
        0.2517988085746765,
        0.13684184849262238,
        0.12061120569705963
      ],
      "centroids_3d": {
        "HP-D": [
          30.253082275390625,
          -49.584041595458984,
          84.14431762695312
        ],
        "HP-S": [
          97.6155014038086,
          -138.2960662841797,
          -104.77508544921875
        ],
        "LP": [
          150.35987854003906,
          78.5154037475586,
          -6.288893222808838
        ],
        "NP": [
          90.37430572509766,
          -32.24866485595703,
          -49.33710861206055
        ],
        "HN-D": [
          -192.82223510742188,
          -51.030296325683594,
          -2.772725820541382
        ],
        "HN-S": [
          -112.46589660644531,
          28.241281509399414,
          -50.40153884887695
        ],
        "LN": [
          -73.84468078613281,
          135.83596801757812,
          -72.10433959960938
        ],
        "NB": [
          101.03732299804688,
          57.5237922668457,
          104.00018310546875
        ],
        "HB": [
          -87.6653823852539,
          -30.580936431884766,
          98.50553131103516
        ]
      },
      "procrustes_rotation_deg": 90.0385752037992,
      "procrustes_residual": 41.03464126586914,
      "procrustes_R": [
        [
          0.9909757375717163,
          -0.13021181523799896,
          -0.03181227669119835
        ],
        [
          -0.12750151753425598,
          -0.988921046257019,
          0.07601809501647949
        ],
        [
          0.04135826975107193,
          0.07127571105957031,
          0.9965987801551819
        ]
      ]
    },
    "ministral": {
      "n_rows": 1359,
      "explained_variance_ratio_pc123": [
        0.16841119527816772,
        0.11454679816961288,
        0.09121808409690857
      ],
      "centroids_3d": {
        "HP-D": [
          4.110665321350098,
          -2.2433371543884277,
          9.104187965393066
        ],
        "HP-S": [
          14.78233528137207,
          -44.822479248046875,
          -24.6791934967041
        ],
        "LP": [
          31.99313735961914,
          17.028076171875,
          -21.061986923217773
        ],
        "NP": [
          5.183355331420898,
          -14.61042308807373,
          -0.2563759386539459
        ],
        "HN-D": [
          -37.84591293334961,
          9.303415298461914,
          4.89238166809082
        ],
        "HN-S": [
          -28.684856414794922,
          3.305600643157959,
          -0.4482199549674988
        ],
        "LN": [
          -29.42374038696289,
          8.678988456726074,
          -11.918242454528809
        ],
        "NB": [
          40.64223098754883,
          20.393285751342773,
          11.33673095703125
        ],
        "HB": [
          -0.5497261881828308,
          1.9612135887145996,
          30.521879196166992
        ]
      },
      "procrustes_rotation_deg": 92.88729780782755,
      "procrustes_residual": 116.33496856689453,
      "procrustes_R": [
        [
          0.9329501986503601,
          -0.09824047982692719,
          0.34634295105934143
        ],
        [
          -0.2500722110271454,
          -0.8689078092575073,
          0.42715752124786377
        ],
        [
          -0.25897589325904846,
          0.48512721061706543,
          0.8352145552635193
        ]
      ]
    },
    "gpt_oss_20b": {
      "n_rows": 1439,
      "explained_variance_ratio_pc123": [
        0.1303989589214325,
        0.10013885051012039,
        0.08120672404766083
      ],
      "centroids_3d": {
        "HP-D": [
          230.953857421875,
          -775.507080078125,
          -313.6655578613281
        ],
        "HP-S": [
          -242.2137908935547,
          1356.1802978515625,
          -1149.404541015625
        ],
        "LP": [
          1099.975341796875,
          594.8334350585938,
          281.6164855957031
        ],
        "NP": [
          -588.2883911132812,
          532.733154296875,
          31.379562377929688
        ],
        "HN-D": [
          -836.6033935546875,
          -653.84375,
          68.36395263671875
        ],
        "HN-S": [
          -159.11093139648438,
          -651.6688232421875,
          -422.0911560058594
        ],
        "LN": [
          -236.0856475830078,
          -359.8157653808594,
          -28.941402435302734
        ],
        "NB": [
          1210.0611572265625,
          421.2320861816406,
          1094.104248046875
        ],
        "HB": [
          -471.813232421875,
          -460.4258728027344,
          440.398681640625
        ]
      },
      "procrustes_rotation_deg": 65.50578740665053,
      "procrustes_residual": 214.7563018798828,
      "procrustes_R": [
        [
          0.4220503866672516,
          -0.9064745903015137,
          -0.01331213116645813
        ],
        [
          0.8950559496879578,
          0.4189772605895996,
          -0.15275129675865173
        ],
        [
          0.14404264092445374,
          0.052553772926330566,
          0.9881750345230103
        ]
      ]
    },
    "granite": {
      "n_rows": 1156,
      "explained_variance_ratio_pc123": [
        0.23973552882671356,
        0.10707008838653564,
        0.0768597275018692
      ],
      "centroids_3d": {
        "HP-D": [
          27.439998626708984,
          -23.124544143676758,
          42.71184539794922
        ],
        "HP-S": [
          72.2908706665039,
          124.93875122070312,
          13.614359855651855
        ],
        "LP": [
          82.1747055053711,
          -22.951406478881836,
          -42.68354034423828
        ],
        "NP": [
          59.094398498535156,
          31.657194137573242,
          -6.907341957092285
        ],
        "HN-D": [
          -94.65388488769531,
          17.706424713134766,
          11.431100845336914
        ],
        "HN-S": [
          -70.61163330078125,
          16.284276962280273,
          -1.5690447092056274
        ],
        "LN": [
          -53.38787078857422,
          -14.469961166381836,
          -66.89129638671875
        ],