{
  "reference_model": "gemma",
  "common_quadrants": [
    "HP-D",
    "HP-S",
    "LP",
    "NP",
    "HN-D",
    "HN-S",
    "LN",
    "NB",
    "HB"
  ],
  "rep": "h_first.layer-stack",
  "models": {
    "gemma": {
      "n_rows": 1440,
      "explained_variance_ratio_pc123": [
        0.23202332854270935,
        0.12029433995485306,
        0.11773725599050522
      ],
      "centroids_3d": {
        "HP-D": [
          27.889324188232422,
          50.7728271484375,
          51.80763626098633
        ],
        "HP-S": [
          79.39325714111328,
          69.64250946044922,
          -86.82768249511719
        ],
        "LP": [
          83.098388671875,
          -58.38349151611328,
          1.641543984413147
        ],
        "NP": [
          64.6646728515625,
          21.20459747314453,
          -24.54242515563965
        ],
        "HN-D": [
          -118.2738265991211,
          41.142276763916016,
          -2.112199068069458
        ],
        "HN-S": [
          -94.64110565185547,
          -13.54364013671875,
          -35.50794219970703
        ],
        "LN": [
          -62.5826416015625,
          -86.11419677734375,
          -43.988380432128906
        ],
        "NB": [
          69.71552276611328,
          -55.8621940612793,
          63.493202209472656
        ],
        "HB": [
          -49.26371383666992,
          31.14202308654785,
          76.03600311279297
        ]
      },
      "procrustes_rotation_deg": 0.0,
      "procrustes_residual": 0.0,
      "procrustes_R": [
        [
          1.0,
          0.0,
          0.0
        ],
        [
          0.0,
          1.0,
          0.0
        ],
        [
          0.0,
          0.0,
          1.0
        ]
      ]
    },
    "qwen": {
      "n_rows": 1419,
      "explained_variance_ratio_pc123": [
        0.251798540353775,
        0.13684195280075073,
        0.12061117589473724
      ],
      "centroids_3d": {
        "HP-D": [
          30.25312614440918,
          -49.584075927734375,
          84.14410400390625
        ],
        "HP-S": [
          97.61532592773438,
          -138.29617309570312,
          -104.7752456665039
        ],
        "LP": [
          150.3598175048828,
          78.51539611816406,
          -6.288877487182617
        ],
        "NP": [
          90.3741683959961,
          -32.24852752685547,
          -49.337100982666016
        ],
        "HN-D": [
          -192.82215881347656,
          -51.03030776977539,
          -2.772698402404785
        ],
        "HN-S": [
          -112.46585845947266,
          28.241466522216797,
          -50.40143585205078
        ],
        "LN": [
          -73.84471893310547,
          135.836181640625,
          -72.10418701171875
        ],
        "NB": [
          101.03730773925781,
          57.523643493652344,
          104.0001220703125
        ],
        "HB": [
          -87.66534423828125,
          -30.581010818481445,
          98.50538635253906
        ]
      },
      "procrustes_rotation_deg": 90.03856837360848,
      "procrustes_residual": 41.03456115722656,
      "procrustes_R": [
        [
          0.9909754991531372,
          -0.13021253049373627,
          -0.03181061893701553
        ],
        [
          -0.12750205397605896,
          -0.9889202117919922,
          0.07602512836456299
        ],
        [
          0.04135759174823761,
          0.0712830126285553,
          0.9965984225273132
        ]
      ]
    },
    "ministral": {
      "n_rows": 1359,
      "explained_variance_ratio_pc123": [
        0.1684112697839737,
        0.11454664915800095,
        0.09121803194284439
      ],
      "centroids_3d": {
        "HP-D": [
          4.1106767654418945,
          -2.2434163093566895,
          9.104097366333008
        ],
        "HP-S": [
          14.782339096069336,
          -44.8222770690918,
          -24.679466247558594
        ],
        "LP": [
          31.993160247802734,
          17.028182983398438,
          -21.06183624267578
        ],
        "NP": [
          5.183346271514893,
          -14.610397338867188,
          -0.256477952003479
        ],
        "HN-D": [
          -37.84592819213867,
          9.303374290466309,
          4.892331600189209
        ],
        "HN-S": [
          -28.68492889404297,
          3.305600166320801,
          -0.448180228471756
        ],
        "LN": [
          -29.423622131347656,
          8.67909049987793,
          -11.918150901794434
        ],
        "NB": [
          40.642189025878906,
          20.393213272094727,
          11.336935043334961
        ],
        "HB": [
          -0.5497608184814453,
          1.9609941244125366,
          30.521860122680664
        ]
      },
      "procrustes_rotation_deg": 92.88730635641608,
      "procrustes_residual": 116.33514404296875,
      "procrustes_R": [
        [
          0.9329501986503601,
          -0.09823864698410034,
          0.34634295105934143
        ],
        [
          -0.250070720911026,
          -0.8689078092575073,
          0.42715829610824585
        ],
        [
          -0.2589765787124634,
          0.48512744903564453,
          0.8352142572402954
        ]
      ]
    },
    "gpt_oss_20b": {
      "n_rows": 1439,
      "explained_variance_ratio_pc123": [
        0.13039913773536682,
        0.10013875365257263,
        0.0812067836523056
      ],
      "centroids_3d": {
        "HP-D": [
          230.95510864257812,
          -775.5067749023438,
          -313.66241455078125
        ],
        "HP-S": [
          -242.2133331298828,
          1356.1761474609375,
          -1149.404052734375
        ],
        "LP": [
          1099.9752197265625,
          594.8358154296875,
          281.61700439453125
        ],
        "NP": [
          -588.289306640625,
          532.7324829101562,
          31.378765106201172
        ],
        "HN-D": [
          -836.603515625,
          -653.8441162109375,
          68.36302947998047
        ],
        "HN-S": [
          -159.1105194091797,
          -651.6683349609375,
          -422.0931701660156
        ],
        "LN": [
          -236.08544921875,
          -359.8155212402344,
          -28.941762924194336
        ],
        "NB": [
          1210.0596923828125,
          421.2337341308594,
          1094.10400390625
        ],
        "HB": [
          -471.81317138671875,
          -460.427001953125,
          440.3995056152344
        ]
      },
      "procrustes_rotation_deg": 65.5059262615867,
      "procrustes_residual": 214.75601196289062,
      "procrustes_R": [
        [
          0.4220491051673889,
          -0.906475305557251,
          -0.013305306434631348
        ],
        [
          0.895056426525116,
          0.4189746677875519,
          -0.15275463461875916
        ],
        [
          0.14404290914535522,
          0.05256122350692749,
          0.9881744384765625
        ]
      ]
    },
    "granite": {
      "n_rows": 1156,
      "explained_variance_ratio_pc123": [
        0.23973585665225983,
        0.10706980526447296,
        0.07685968279838562
      ],
      "centroids_3d": {
        "HP-D": [
          27.44000816345215,
          -23.12459373474121,
          42.71184158325195
        ],
        "HP-S": [
          72.29080963134766,
          124.93849182128906,
          13.614517211914062
        ],
        "LP": [
          82.17477416992188,
          -22.951290130615234,
          -42.68360137939453
        ],
        "NP": [
          59.09437561035156,
          31.657257080078125,
          -6.907290458679199
        ],
        "HN-D": [
          -94.65402221679688,
          17.706336975097656,
          11.431204795837402
        ],
        "HN-S": [
          -70.61155700683594,
          16.284210205078125,
          -1.5691869258880615
        ],
        "LN": [
          -53.38791275024414,
          -14.4699125289917,
          -66.89119720458984
        ],