{
  "model": "qwen",
  "rep": "h_first.layer-stack",
  "n_rows_total": 1419,
  "n_rows_kept": 1243,
  "min_n": 5,
  "n_faces_total": 179,
  "n_faces_kept": 54,
  "hidden_to_face": {
    "accuracy": 0.2912308930008045,
    "macro_f1": 0.10409523600568812,
    "majority_baseline": 0.08769106999195495,
    "uniform_baseline": 0.018518518518518517,
    "n_classes": 54,
    "n_splits": 4,
    "cv": "StratifiedGroupKFold",
    "per_class_recall": {
      "(\u256f\u00b0\u25a1\u00b0)": 0.7339449541284404,
      "(\u00ac_\u00ac)": 0.6210526315789474,
      "(\u00b4\u30fb\u03c9\u30fb`)": 0.391304347826087,
      "(\u2267\u203f\u2266)": 0.265625,
      "(\u00ac\u203f\u00ac)": 0.5,
      "(\u2267\u25bd\u2266)": 0.13725490196078433,
      "(\uff89\u25d5\u30ee\u25d5)": 0.5833333333333334,
      "(;\u03c9;)": 0.574468085106383,
      "(>_<)": 0.44680851063829785,
      "(\u25d5\u203f\u25d5\u273f)": 0.08888888888888889,
      "(;\u00b4\u0434`)": 0.14634146341463414,
      "(\uff89>\u03c9<)": 0.375,
      "(\u02d8\u00b3\u02d8)": 0.20512820512820512,
      "(\u30fb_\u30fb;)": 0.34210526315789475,
      "(\u2565_\u2565)": 0.14705882352941177,
      "(\u2565\ufe4f\u2565)": 0.0,
      "(\uff61\u30fb\u0301\ufe3f\u30fb\u0300\uff61)": 0.06896551724137931,
      "(\u2044": 0.25,
      "(;\u2032\u2312`)": 0.13043478260869565,
      "(T_T)": 0.0,
      "(\u2299_\u2299;)": 0.0,
      "(=^\u30fb\u03c9\u30fb^=)": 0.11764705882352941,
      "(>\ufe4f<)": 0.0625,
      "(\u00b4\uff61\u30fb\u203f\u30fb\uff61`)": 0.0,
      "(>_<;)": 0.07692307692307693,
      "(\u30fb\u2200\u30fb)": 0.07692307692307693,
      "(\u2727\u03c9\u2727)": 0.0,
      "(\u273f\u25e0\u203f\u25e0)": 0.0,
      "(;\u00b4\u0f0e\u0eb6\u0434\u0f0e\u0eb6`)": 0.0,
      "(\u30fb\u0300\u203f\u30fb\u0301)": 0.0,
      "(\u25d5\u203f\u25d5)": 0.0,
      "(\u25d5\u203f\u25d5\ufffd": 0.0,
      "(\u0361\u00b0\u035c\u0296\u0361\u00b0)": 0.0,
      "(\u30fb\u03c9\u30fb)": 0.0,
      "(\uff61\u2665\u203f\u2665\uff61)": 0.0,
      "(\u30fb_\u30fb)": 0.0,
      "(\u00b4\u25bd`\u0283\u2661\u01aa)": 0.0,
      "(\uff61\u30fb\u0300\u203f-)": 0.14285714285714285,
      "(\u30fb_\u30fb\u30fe": 0.0,
      "(\u0e51>\u203f<\u0e51)": 0.0,
      "(>\ufe4f<\uff61)": 0.0,
      "(\u00b0\u30ed\u00b0)": 0.0,
      "(;;)": 0.0,
      "(^_^;)": 0.0,
      "(\u0e51\u30fb\u0300\u3142\u30fb\u0301)": 0.0,
      "(\u0e51><\u0e51)": 0.0,
      "(^_\u2212)": 0.0,
      "(\u0ca0_\u0ca0)": 0.0,
      "(\u02c3\u2311\u02c2)": 0.0,
      "(\ua4aa\ua1f4\ua4aa)": 0.0,
      "(\u30fb\u0300\u03c9\u30fb\u0301)": 0.0,
      "(\u00b4;\u03c9;`)": 0.0,
      "(\u2310\u25a0_\u25a0)": 0.0,
      "(\u203f\u203f\u203f)": 0.0
    }
  },
  "hidden_to_quadrant": {
    "accuracy": 0.97815362931642,
    "macro_f1": 0.9784503004841988,
    "majority_baseline": 0.22410147991543342,
    "uniform_baseline": 0.14285714285714285,
    "n_classes": 7,
    "n_splits": 5,
    "cv": "StratifiedGroupKFold",
    "per_class_recall": {
      "HN": 1.0,
      "HP": 0.9747634069400631,
      "NB": 0.95,
      "LN": 1.0,
      "LP": 1.0,
      "HB": 1.0,
      "NP": 0.9013157894736842
    }
  },
  "face_to_hidden_eta2": {
    "pcs": [
      {
        "pc": 1,
        "explained_variance_ratio": 0.2567930817604065,
        "eta_squared": 0.7957650423049927
      },
      {
        "pc": 2,
        "explained_variance_ratio": 0.13962115347385406,
        "eta_squared": 0.6533486843109131
      },
      {
        "pc": 3,
        "explained_variance_ratio": 0.11951770633459091,
        "eta_squared": 0.600119948387146
      },
      {
        "pc": 4,
        "explained_variance_ratio": 0.05562395229935646,
        "eta_squared": 0.4081386923789978
      },
      {
        "pc": 5,
        "explained_variance_ratio": 0.03712521865963936,
        "eta_squared": 0.40897923707962036
      }
    ],
    "weighted_eta2_top_k": 0.4051789450119232,
    "topk_explained_variance": 0.6086810827255249,
    "weighted_eta2_normalized": 0.6656670570368822
  },
  "centroid_approximation_quality": {
    "n_rows": 1243,
    "n_features": 307200,
    "face": {
      "r2": 0.4398035453421907,
      "mean_centered_cosine": 0.6437861884366092,
      "median_centered_cosine": 0.7042222619056702,
      "mean_error_over_baseline": 0.7377330660820007
    },
    "quadrant": {
      "r2": 0.4558791453805904,
      "mean_centered_cosine": 0.663901588234418,
      "median_centered_cosine": 0.7231300473213196,
      "mean_error_over_baseline": 0.7358025908470154
    }
  }
}