size	encoders	mean_jsd	similarity	mean_jsd_weighted	similarity_weighted	accuracy	n_correct	kappa
2	gemma,opus	0.09993549638804823	0.8558235549521859	0.06536142634398547	0.9057033943481029	0.5	39	0.3978622327790974
1	opus	0.11692944007013385	0.8313064766768946	0.06478260380858263	0.9065384587494834	0.5897435897435898	46	0.49102773246329523
3	gemma,haiku,opus	0.11786881697919117	0.829951242268672	0.06926097667474275	0.9000775324242225	0.5128205128205128	40	0.40636891648307627
1	gemma	0.1264164653345486	0.8176195923751352	0.13283124390037027	0.8083650231498234	0.5	39	0.4195764167143675
2	gemma,haiku	0.1280780143590598	0.815222483837279	0.08776064698221192	0.8733881498135558	0.47435897435897434	37	0.3656020630827217
2	haiku,opus	0.14413742452623587	0.7920536524294922	0.08130070583529383	0.8827078748706492	0.5	39	0.3926931523258135
1	haiku	0.18810598088024824	0.7286204342225117	0.12183434296980766	0.8242301975874933	0.47435897435897434	37	0.36522429535529977
