encoder	is_pilot	k	k_effective	n_eval	similarity	mean_jsd	accuracy	kappa	max_k_in_data
gemma	False	1	1	241	0.5772100870515557	0.2930556361293989	0.37344398340248963	0.2938311373294782	20
gemma	False	2	2	241	0.5955509477065257	0.28034272027736357	0.37344398340248963	0.292554432348367	20
gemma	False	3	3	241	0.5991878297715698	0.2778218257279492	0.38589211618257263	0.3072695138767504	20
gemma	False	5	5	241	0.5996219301830877	0.27752093025162566	0.3941908713692946	0.3166572799129945	20
gemma	False	all	20	241	0.5759935593225813	0.2938988688948104	0.42323651452282157	0.34966026014366147	20
