{
  "probes": [
    "happy.sad",
    "angry.calm",
    "fearful.unflinching"
  ],
  "by_subset": {
    "all": {
      "n": 1440,
      "pearson": [
        [
          1.0,
          -0.4442641916482659,
          -0.48213095074995743
        ],
        [
          -0.4442641916482659,
          1.0,
          0.7428391265487129
        ],
        [
          -0.48213095074995743,
          0.7428391265487129,
          1.0
        ]
      ],
      "spearman": [
        [
          1.0,
          -0.4420177577497248,
          -0.4817803018611686
        ],
        [
          -0.4420177577497248,
          1.0,
          0.7516404827309485
        ],
        [
          -0.4817803018611686,
          0.7516404827309485,
          1.0
        ]
      ]
    },
    "HP": {
      "n": 320,
      "pearson": [
        [
          1.0,
          -0.028372386258795453,
          -0.013914079948780515
        ],
        [
          -0.028372386258795453,
          1.0,
          0.41028357740825766
        ],
        [
          -0.013914079948780515,
          0.41028357740825766,
          1.0
        ]
      ],
      "spearman": [
        [
          1.0,
          -0.0028142589118198874,
          0.07711069418386492
        ],
        [
          -0.0028142589118198874,
          1.0,
          0.3178236397748593
        ],
        [
          0.07711069418386492,
          0.3178236397748593,
          1.0
        ]
      ]
    },
    "LP": {
      "n": 160,
      "pearson": [
        [
          1.0,
          -0.7349552224991573,
          -0.8692346146626952
        ],
        [
          -0.7349552224991573,
          1.0,
          0.7486307254718636
        ],
        [
          -0.8692346146626952,
          0.7486307254718636,
          1.0
        ]
      ],
      "spearman": [
        [
          1.0,
          -0.6195488721804511,
          -0.8842105263157892
        ],
        [
          -0.6195488721804511,
          1.0,
          0.6887218045112781
        ],
        [
          -0.8842105263157892,
          0.6887218045112781,
          1.0
        ]
      ]
    },
    "NP": {
      "n": 160,
      "pearson": [
        [
          1.0,
          -0.4275624405082764,
          -0.7081563241242004
        ],
        [
          -0.4275624405082764,
          1.0,
          0.48359331887854184
        ],
        [
          -0.7081563241242004,
          0.48359331887854184,
          1.0
        ]
      ],
      "spearman": [
        [
          1.0,
          -0.5458646616541352,
          -0.5744360902255637
        ],
        [
          -0.5458646616541352,
          1.0,
          0.30075187969924805
        ],
        [
          -0.5744360902255637,
          0.30075187969924805,
          1.0
        ]
      ]
    },
    "HN": {
      "n": 320,
      "pearson": [
        [
          1.0,
          -0.5718302791271522,
          -0.4603756514136303
        ],
        [
          -0.5718302791271522,
          1.0,
          0.6300471301557291
        ],
        [
          -0.4603756514136303,
          0.6300471301557291,
          1.0
        ]
      ],
      "spearman": [
        [
          1.0,
          -0.48480300187617265,
          -0.26866791744840524
        ],
        [
          -0.48480300187617265,
          1.0,
          0.6106941838649156
        ],
        [
          -0.26866791744840524,
          0.6106941838649156,
          1.0
        ]
      ]
    },
    "LN": {
      "n": 160,
      "pearson": [
        [
          1.0,
          -0.42884697728160176,
          -0.7734456612695951
        ],
        [
          -0.42884697728160176,
          1.0,
          0.5226298750732832
        ],
        [
          -0.7734456612695951,
          0.5226298750732832,
          1.0
        ]
      ],
      "spearman": [
        [
          1.0,
          -0.39699248120300745,
          -0.7834586466165412
        ],
        [
          -0.39699248120300745,
          1.0,
          0.5338345864661653
        ],
        [
          -0.7834586466165412,
          0.5338345864661653,
          1.0
        ]
      ]
    },
    "NB": {
      "n": 160,
      "pearson": [
        [
          1.0,
          -0.1477957311224176,
          -0.6103907502405932
        ],
        [
          -0.1477957311224176,
          1.0,
          0.5620888343997168
        ],
        [
          -0.6103907502405932,
          0.5620888343997168,
          1.0
        ]
      ],
      "spearman": [
        [
          1.0,
          -0.27218045112781947,
          -0.6406015037593984
        ],
        [
          -0.27218045112781947,
          1.0,
          0.6421052631578945
        ],
        [
          -0.6406015037593984,
          0.6421052631578945,
          1.0
        ]
      ]
    },
    "HB": {
      "n": 160,
      "pearson": [
        [
          1.0,
          -0.6534908770830177,
          -0.742014830599949
        ],
        [
          -0.6534908770830177,
          1.0,
          0.44802099314911353
        ],
        [
          -0.742014830599949,
          0.44802099314911353,
          1.0
        ]
      ],
      "spearman": [
        [
          1.0,
          -0.6330827067669171,
          -0.7413533834586464
        ],
        [
          -0.6330827067669171,
          1.0,
          0.5112781954887217
        ],
        [
          -0.7413533834586464,
          0.5112781954887217,
          1.0
        ]
      ]
    }
  },
  "trio": {
    "all": {
      "happy.sad~fearful.unflinching": {
        "n": 1440,
        "pearson": -0.48213095074995743,
        "spearman": -0.4817803018611686
      },
      "happy.sad~angry.calm": {
        "n": 1440,
        "pearson": -0.4442641916482659,
        "spearman": -0.4420177577497248
      },
      "fearful.unflinching~angry.calm": {
        "n": 1440,
        "pearson": 0.7428391265487129,
        "spearman": 0.7516404827309485
      }
    },
    "HP": {
      "happy.sad~fearful.unflinching": {
        "n": 320,
        "pearson": -0.013914079948780515,
        "spearman": 0.07711069418386492
      },
      "happy.sad~angry.calm": {
        "n": 320,
        "pearson": -0.028372386258795453,
        "spearman": -0.0028142589118198874
      },
      "fearful.unflinching~angry.calm": {
        "n": 320,
        "pearson": 0.41028357740825766,
        "spearman": 0.3178236397748593
      }
    },
    "LP": {
      "happy.sad~fearful.unflinching": {
        "n": 160,
        "pearson": -0.8692346146626952,
        "spearman": -0.8842105263157892
      },
      "happy.sad~angry.calm": {
        "n": 160,
        "pearson": -0.7349552224991573,
        "spearman": -0.6195488721804511
      },
      "fearful.unflinching~angry.calm": {
        "n": 160,
        "pearson": 0.7486307254718636,
        "spearman": 0.6887218045112781
      }
    },
    "NP": {
      "happy.sad~fearful.unflinching": {
        "n": 160,
        "pearson": -0.7081563241242004,
        "spearman": -0.5744360902255637
      },
      "happy.sad~angry.calm": {
        "n": 160,
        "pearson": -0.4275624405082764,
        "spearman": -0.5458646616541352
      },
      "fearful.unflinching~angry.calm": {
        "n": 160,
        "pearson": 0.48359331887854184,
        "spearman": 0.30075187969924805
      }
    },
    "HN": {
      "happy.sad~fearful.unflinching": {
        "n": 320,
        "pearson": -0.4603756514136303,
        "spearman": -0.26866791744840524
      },
      "happy.sad~angry.calm": {
        "n": 320,
        "pearson": -0.5718302791271522,
        "spearman": -0.48480300187617265
      },
      "fearful.unflinching~angry.calm": {
        "n": 320,
        "pearson": 0.6300471301557291,
        "spearman": 0.6106941838649156
      }
    },
    "LN": {
      "happy.sad~fearful.unflinching": {
        "n": 160,
        "pearson": -0.7734456612695951,
        "spearman": -0.7834586466165412
      },
      "happy.sad~angry.calm": {
        "n": 160,