cell	delta_norm	coherence_with_mean
hpd	180.39817810058594	0.6531490087509155
hps	128.11756896972656	0.5984489321708679
lp	135.15899658203125	0.643621563911438
np	124.60387420654297	0.7866195440292358
hnd	281.86822509765625	0.7693049907684326
hns	188.07958984375	0.8504887223243713
ln	174.84634399414062	0.763560950756073
nb	129.94215393066406	0.6871203780174255
hb	171.96514892578125	0.7843011021614075
