{
  "model": "gemma",
  "rep": "h_first.layer-stack",
  "n_rows_total": 1440,
  "n_rows_kept": 1358,
  "min_n": 5,
  "n_faces_total": 84,
  "n_faces_kept": 30,
  "hidden_to_face": {
    "accuracy": 0.6480117820324006,
    "macro_f1": 0.2258749324544029,
    "majority_baseline": 0.17820324005891017,
    "uniform_baseline": 0.03333333333333333,
    "n_classes": 30,
    "n_splits": 3,
    "cv": "StratifiedGroupKFold",
    "per_class_recall": {
      "(\u2299_\u2299)": 0.8553719008264463,
      "(\u256f\u00b0\u25a1\u00b0)": 0.8953488372093024,
      "(\u0e51\u02c3\u203f\u02c2)": 0.7636363636363637,
      "(\uff61\u30fb\u0301\ufe3f\u30fb\u0300\uff61)": 0.8791946308724832,
      "(\uff61\u2665\u203f\u2665\uff61)": 0.7254901960784313,
      "(\uff61\u25d5\u203f\u25d5\uff61)": 0.8505747126436781,
      "(\u0361\u00b0\u035c\u0296\u0361\u00b0)": 0.8780487804878049,
      "(\u273f\u25e0\u203f\u25e0)": 0.23076923076923078,
      "(\uff61\u256f\ufe35\u2570\uff61)": 0.3076923076923077,
      "(\u02d8\u25bd\u02d8)": 0.35135135135135137,
      "(\uff61\u02c3\u203f\u02c2)": 0.13043478260869565,
      "(\u2299\ufe4f\u2299)": 0.0,
      "(\uff89\u25d5\u30ee\u25d5)": 0.0,
      "(\uff61\u203f\u203f\u203f\uff61)": 0.0,
      "(\uff61\u30fb\u0300\u203f-)": 0.0,
      "(\u02d8\u03c9\u02d8)": 0.058823529411764705,
      "(\u00b4\u25bd`)": 0.26666666666666666,
      "(\u2267\u25bd\u2266)": 0.0,
      "(\u2565\ufe4f\u2565)": 0.0,
      "(\u00b4\u03c9`)": 0.0,
      "(\u02d8\u0329\u256d\u256e\u02d8\u0329)": 0.0,
      "(\u30fb_\u30fb)": 0.0,
      "(\u02d8\u06a1\u02d8)": 0.0,
      "(\u203f\u203f\u203f)": 0.0,
      "(\u02d9\ua4b3\u02d9)": 0.0,
      "(\u30fb\u0300\u03c9\u30fb\u0301)": 0.0,
      "(\u25d5\u203f\u25d5)": 0.0,
      "(\u2605\u03c9\u2605)": 0.0,
      "(\uff61\u30fb\u3145\u30fb\uff61)": 0.0,
      "(\uff61>\ufe4f<\uff61)": 0.0
    }
  },
  "hidden_to_quadrant": {
    "accuracy": 0.9944444444444445,
    "macro_f1": 0.9928526757795051,
    "majority_baseline": 0.2222222222222222,
    "uniform_baseline": 0.14285714285714285,
    "n_classes": 7,
    "n_splits": 5,
    "cv": "StratifiedGroupKFold",
    "per_class_recall": {
      "HP": 1.0,
      "HN": 1.0,
      "LP": 0.95,
      "LN": 1.0,
      "NB": 1.0,
      "NP": 1.0,
      "HB": 1.0
    }
  },
  "face_to_hidden_eta2": {
    "pcs": [
      {
        "pc": 1,
        "explained_variance_ratio": 0.2330504208803177,
        "eta_squared": 0.8217211365699768
      },
      {
        "pc": 2,
        "explained_variance_ratio": 0.12138193100690842,
        "eta_squared": 0.7570858001708984
      },
      {
        "pc": 3,
        "explained_variance_ratio": 0.11728538572788239,
        "eta_squared": 0.5582621693611145
      },
      {
        "pc": 4,
        "explained_variance_ratio": 0.06838809698820114,
        "eta_squared": 0.45335128903388977
      },
      {
        "pc": 5,
        "explained_variance_ratio": 0.04910764470696449,
        "eta_squared": 0.43100011348724365
      }
    ],
    "weighted_eta2_top_k": 0.40104421932331147,
    "topk_explained_variance": 0.589213490486145,
    "weighted_eta2_normalized": 0.6806433080688973
  },
  "centroid_approximation_quality": {
    "n_rows": 1358,
    "n_features": 301056,
    "face": {
      "r2": 0.4600168764496442,
      "mean_centered_cosine": 0.6702050942713628,
      "median_centered_cosine": 0.7273783385753632,
      "mean_error_over_baseline": 0.7161167860031128
    },
    "quadrant": {
      "r2": 0.44681596749766705,
      "mean_centered_cosine": 0.6679336929307025,
      "median_centered_cosine": 0.6983073949813843,
      "mean_error_over_baseline": 0.7324546575546265
    }
  }
}