{
  "model": "gemma",
  "rep": "h_first.layer-stack",
  "n_rows_total": 1437,
  "n_rows_kept": 1322,
  "min_n": 5,
  "n_faces_total": 94,
  "n_faces_kept": 34,
  "hidden_to_face": {
    "accuracy": 0.6066565809379728,
    "macro_f1": 0.23872580947993124,
    "majority_baseline": 0.17700453857791226,
    "uniform_baseline": 0.029411764705882353,
    "n_classes": 34,
    "n_splits": 3,
    "cv": "StratifiedGroupKFold",
    "per_class_recall": {
      "(\u2299_\u2299)": 0.8589743589743589,
      "(\uff61\u30fb\u0301\ufe3f\u30fb\u0300\uff61)": 0.8520710059171598,
      "(\u256f\u00b0\u25a1\u00b0)": 0.9605263157894737,
      "(\u0e51\u02c3\u203f\u02c2)": 0.6886792452830188,
      "(\u0361\u00b0\u035c\u0296\u0361\u00b0)": 0.9615384615384616,
      "(\u02d9\ua4b3\u02d9)": 0.6481481481481481,
      "(\u30fb_\u30fb)": 0.3018867924528302,
      "(\uff61\u2665\u203f\u2665\uff61)": 0.5918367346938775,
      "(\uff61\u25d5\u203f\u25d5\uff61)": 0.20833333333333334,
      "(\uff61\u256f\ufe35\u2570\uff61)": 0.2765957446808511,
      "(\u02d8\u25bd\u02d8)": 0.4444444444444444,
      "(\u203f\u203f\u203f)": 0.22857142857142856,
      "(\u00b4\u25bd`)": 0.3125,
      "(\uff61\u02c3\u203f\u02c2)": 0.15384615384615385,
      "(\u2299\ufe4f\u2299)": 0.0,
      "(\uff61\u203f\u203f\u203f\uff61)": 0.5,
      "(\u02d8\u03c9\u02d8)": 0.375,
      "(\uff61\u30fb\u0300\u203f-)": 0.0,
      "(\uff61\u30fb\u03c9\u30fb\uff61)": 0.0,
      "(\u25d5\u203f\u25d5)": 0.0,
      "(\u02d8\u203f\u02d8)": 0.0,
      "(\u273f\u25e0\u203f\u25e0)": 0.0,
      "(\uff9f\u25bd\uff9f)": 0.0,
      "(\u02d8\u0329\u256d\u256e\u02d8\u0329)": 0.3333333333333333,
      "(\u2267\u25bd\u2266)": 0.0,
      "(\u2565\ufe4f\u2565)": 0.0,
      "(\ud83c\udf3f\u203f\ud83c\udf3f)": 0.0,
      "(\u02c3\ud83d\ude80\u02c2)": 0.0,
      "(\uff61\u02c3\u203f\u02c2\uff61)": 0.0,
      "(\u00b4\u03c9`)": 0.0,
      "(\u02f6\u1d54\u203f\u1d54\u02f6)": 0.0,
      "(\ud83d\ude0c)": 0.0,
      "(\u00f2_\u00f3)": 0.0,
      "(\u30fb\u203f\u30fb)": 0.0
    }
  },
  "hidden_to_quadrant": {
    "accuracy": 0.9617258176757133,
    "macro_f1": 0.9595886173381488,
    "majority_baseline": 0.2219902574808629,
    "uniform_baseline": 0.14285714285714285,
    "n_classes": 7,
    "n_splits": 5,
    "cv": "StratifiedGroupKFold",
    "per_class_recall": {
      "HN": 1.0,
      "HP": 0.9528301886792453,
      "LP": 0.9,
      "LN": 1.0,
      "NB": 1.0,
      "NP": 0.9,
      "HB": 0.95
    }
  },
  "face_to_hidden_eta2": {
    "pcs": [
      {
        "pc": 1,
        "explained_variance_ratio": 0.24293670058250427,
        "eta_squared": 0.8943110108375549
      },
      {
        "pc": 2,
        "explained_variance_ratio": 0.14010407030582428,
        "eta_squared": 0.6261141300201416
      },
      {
        "pc": 3,
        "explained_variance_ratio": 0.12414394319057465,
        "eta_squared": 0.8310487866401672
      },
      {
        "pc": 4,
        "explained_variance_ratio": 0.06027233973145485,
        "eta_squared": 0.5645228624343872
      },
      {
        "pc": 5,
        "explained_variance_ratio": 0.04566660895943642,
        "eta_squared": 0.630909264087677
      }
    ],
    "weighted_eta2_top_k": 0.47098837811934113,
    "topk_explained_variance": 0.6131237149238586,
    "weighted_eta2_normalized": 0.7681783735568462
  },
  "centroid_approximation_quality": {
    "n_rows": 1322,
    "n_features": 301056,
    "face": {
      "r2": 0.5301578428405525,
      "mean_centered_cosine": 0.7216759534568016,
      "median_centered_cosine": 0.7845330238342285,
      "mean_error_over_baseline": 0.6624509692192078
    },
    "quadrant": {
      "r2": 0.4772410984551829,
      "mean_centered_cosine": 0.6938941451000915,
      "median_centered_cosine": 0.7296889424324036,
      "mean_error_over_baseline": 0.7064856290817261
    }
  }
}