{
  "model": "ministral",
  "rep": "h_first.layer-stack",
  "n_rows_total": 1359,
  "n_rows_kept": 1238,
  "min_n": 5,
  "n_faces_total": 111,
  "n_faces_kept": 28,
  "hidden_to_face": {
    "accuracy": 0.44507269789983844,
    "macro_f1": 0.03505081978910022,
    "majority_baseline": 0.4466882067851373,
    "uniform_baseline": 0.03571428571428571,
    "n_classes": 28,
    "n_splits": 5,
    "cv": "StratifiedGroupKFold",
    "per_class_recall": {
      "(\uff89\u25d5\u30ee\u25d5)": 0.9330922242314648,
      "(\u25d5\u203f\u25d5\u273f)": 0.2014388489208633,
      "(\uffe3\u25bd\uffe3)": 0.02962962962962963,
      "(\ufe3f\ufe3f)": 0.06,
      ":(": 0.0,
      "(\u256f\u00b0\u25a1\u00b0)": 0.0,
      "(\uffe3\u2207\uffe3)": 0.0,
      "(\u2267\u25bd\u2266)": 0.0,
      "(\uff61\u30fb\u0301\ufe3f\u30fb\u0300\uff61)": 0.0,
      "(\u30fb\u0300\u203f\u30fb\u0301)": 0.0,
      "(\uff89\u00b4\u30fb\u03c9\u30fb`)": 0.0,
      "(\u25d5\u203f\u25d5)": 0.0,
      "(\u00b4\u30fb\u03c9\u30fb`)": 0.0,
      "(\uffe3\u2207\uffe3;)": 0.0,
      "(\uffe3\u25bd\uffe3;)": 0.0,
      "(\uffe3\u03c9\uffe3;)": 0.0,
      "(\uffe3_\uffe3)": 0.0,
      "(\uffe3\ufe4f\uffe3)": 0.0,
      "(\uffe3\ufe36\uffe3)": 0.0,
      "(\u00b4\u30fb_\u30fb`)": 0.0,
      "(\uffe3\uffe3)": 0.0,
      "(\u2728)": 0.0,
      "(\u2299_\u2299)": 0.0,
      "(\uffe3\ufe3f\uffe3)": 0.0,
      "(\u2764)": 0.0,
      "(\uffe3_\uffe3;)": 0.0,
      "(\u2299\u25de\u2299)": 0.0,
      "(\uff9f\uff70\uff9f)": 0.0
    }
  },
  "hidden_to_quadrant": {
    "accuracy": 0.927888153053716,
    "macro_f1": 0.9229850596208761,
    "majority_baseline": 0.2229580573951435,
    "uniform_baseline": 0.14285714285714285,
    "n_classes": 7,
    "n_splits": 5,
    "cv": "StratifiedGroupKFold",
    "per_class_recall": {
      "HP": 0.9735973597359736,
      "HN": 0.9537953795379538,
      "NB": 1.0,
      "HB": 0.8421052631578947,
      "LN": 0.9,
      "NP": 0.7533333333333333,
      "LP": 1.0
    }
  },
  "face_to_hidden_eta2": {
    "pcs": [
      {
        "pc": 1,
        "explained_variance_ratio": 0.16379015147686005,
        "eta_squared": 0.31789156794548035
      },
      {
        "pc": 2,
        "explained_variance_ratio": 0.11762476712465286,
        "eta_squared": 0.10519282519817352
      },
      {
        "pc": 3,
        "explained_variance_ratio": 0.08996754884719849,
        "eta_squared": 0.0637221708893776
      },
      {
        "pc": 4,
        "explained_variance_ratio": 0.05871035158634186,
        "eta_squared": 0.09288438409566879
      },
      {
        "pc": 5,
        "explained_variance_ratio": 0.044213052839040756,
        "eta_squared": 0.05384290590882301
      }
    ],
    "weighted_eta2_top_k": 0.07800755124735768,
    "topk_explained_variance": 0.4743058681488037,
    "weighted_eta2_normalized": 0.16446676392982013
  },
  "centroid_approximation_quality": {
    "n_rows": 1238,
    "n_features": 184320,
    "face": {
      "r2": 0.09398453771408077,
      "mean_centered_cosine": 0.2430112418175443,
      "median_centered_cosine": 0.2285933941602707,
      "mean_error_over_baseline": 0.9551234841346741
    },
    "quadrant": {
      "r2": 0.28549034755643843,
      "mean_centered_cosine": 0.5211355381649776,
      "median_centered_cosine": 0.5637867450714111,
      "mean_error_over_baseline": 0.850746750831604
    }
  }
}