{
  "model": "gpt_oss_20b",
  "rep": "h_first.layer-stack",
  "n_rows_total": 1439,
  "n_rows_kept": 1265,
  "min_n": 5,
  "n_faces_total": 164,
  "n_faces_kept": 49,
  "hidden_to_face": {
    "accuracy": 0.108300395256917,
    "macro_f1": 0.03694364515985324,
    "majority_baseline": 0.08142292490118577,
    "uniform_baseline": 0.02040816326530612,
    "n_classes": 49,
    "n_splits": 5,
    "cv": "StratifiedGroupKFold",
    "per_class_recall": {
      "(\u2267\u203f\u2266)": 0.20388349514563106,
      "(\u273f\u25e0\u203f\u25e0)": 0.33707865168539325,
      "(\uff3e\u203f\uff3e)": 0.2716049382716049,
      "(\u30fb_\u30fb)": 0.12658227848101267,
      "(\u1d54\u1d25\u1d54)": 0.14285714285714285,
      "(\u30fb\u0300\u203f\u30fb\u0301)": 0.04838709677419355,
      "(\u00b4\u03c9`)": 0.06779661016949153,
      "(\u256f\u00b0\u25a1\u00b0)": 0.29411764705882354,
      "(\u30fb\u0300\u03c9\u30fb\u0301)": 0.061224489795918366,
      "(\u25d5\u203f\u25d5\u273f)": 0.041666666666666664,
      "(\u30fb\u203f\u30fb)": 0.15217391304347827,
      "(\uff9f\u0434\uff9f)": 0.029411764705882353,
      "(=^-\u03c9-^=)": 0.029411764705882353,
      "(\u02d8\u00b3\u02d8)": 0.03125,
      "(\u2565\ufe4f\u2565)": 0.034482758620689655,
      "(^-^)": 0.10714285714285714,
      "(\u2040\u15dc\u2040)": 0.0,
      "(\u00b4\u8278`)": 0.0,
      "(\u273f\u2579\u203f\u2579)": 0.0,
      "(^\u25bd^)": 0.0,
      "(^_^)": 0.045454545454545456,
      "(\u2312\u203f\u2312)": 0.09523809523809523,
      "(\u2565_\u2565)": 0.0,
      "(\u2267\u25bd\u2266)": 0.0,
      "(\uff9f\u2200\uff9f)": 0.0,
      "(\u2267\u03c9\u2266)": 0.0,
      "(\u0e51\u02c3\u203f\u02c2)": 0.0,
      "(\u1d52\u030c\u1d25\u1d52\u030c)": 0.0,
      "(\u2044": 0.0,
      "(=^\u30fb\u03c9\u30fb^=)": 0.0,
      "(=^-^=)": 0.0,
      "(\uff89\u25d5\u30ee\u25d5)": 0.0,
      "(\u1d54\u3142\u1d54)": 0.0,
      "(\u273f\u25d5\u203f\u25d5)": 0.0,
      "(\u00b4\u25bd`)": 0.0,
      "(\u25d5\u203f\u25d5)": 0.0,
      "(\u204e\u02c3\u203f\u02c2\u204e)": 0.0,
      "(\u1d54\u3145\u1d54)": 0.0,
      "(\u1d54\u203f\u1d54)": 0.0,
      "(\uff3e\u2207\uff3e)": 0.0,
      "(\u00ac\u203f\u00ac)": 0.0,
      "(\u00b4\u2207`)": 0.0,
      "(\u2312_\u2312;)": 0.0,
      "(\u261e\uff9f\u30ee\uff9f)": 0.0,
      "(\uff9f\u203f\uff9f)": 0.0,
      "(\u1d54\u315c\u1d54)": 0.0,
      "(>_<)": 0.0,
      "(\u2299_\u2609;)": 0.0,
      "(\uff9f\u25d5\u203f\uff9f)": 0.0
    }
  },
  "hidden_to_quadrant": {
    "accuracy": 0.8999305072967339,
    "macro_f1": 0.8946315835217938,
    "majority_baseline": 0.22237665045170257,
    "uniform_baseline": 0.14285714285714285,
    "n_classes": 7,
    "n_splits": 5,
    "cv": "StratifiedGroupKFold",
    "per_class_recall": {
      "HP": 0.925,
      "HN": 0.925,
      "LN": 0.65,
      "NB": 1.0,
      "NP": 0.95,
      "HB": 0.85,
      "LP": 0.949685534591195
    }
  },
  "face_to_hidden_eta2": {
    "pcs": [
      {
        "pc": 1,
        "explained_variance_ratio": 0.12453332543373108,
        "eta_squared": 0.08940757811069489
      },
      {
        "pc": 2,
        "explained_variance_ratio": 0.10239569842815399,
        "eta_squared": 0.2522299587726593
      },
      {
        "pc": 3,
        "explained_variance_ratio": 0.08284518122673035,
        "eta_squared": 0.1011047214269638
      },
      {
        "pc": 4,
        "explained_variance_ratio": 0.07256951928138733,
        "eta_squared": 0.16545064747333527
      },
      {
        "pc": 5,
        "explained_variance_ratio": 0.060467060655355453,
        "eta_squared": 0.09266987442970276
      }
    ],
    "weighted_eta2_top_k": 0.06294767365362597,
    "topk_explained_variance": 0.4428108036518097,
    "weighted_eta2_normalized": 0.14215478288809522
  },
  "centroid_approximation_quality": {
    "n_rows": 1265,
    "n_features": 57600,
    "face": {
      "r2": 0.08657850599323691,
      "mean_centered_cosine": 0.2648630258173538,
      "median_centered_cosine": 0.2740170955657959,
      "mean_error_over_baseline": 0.9587720632553101
    },
    "quadrant": {
      "r2": 0.20674449822079655,
      "mean_centered_cosine": 0.45782928408487983,
      "median_centered_cosine": 0.4913577437400818,
      "mean_error_over_baseline": 0.8866373300552368
    }
  }
}