{
  "model": "granite",
  "rep": "h_first.layer-stack",
  "n_rows_total": 1156,
  "n_rows_kept": 1014,
  "min_n": 5,
  "n_faces_total": 129,
  "n_faces_kept": 34,
  "hidden_to_face": {
    "accuracy": 0.42011834319526625,
    "macro_f1": 0.10036091867518128,
    "majority_baseline": 0.33826429980276135,
    "uniform_baseline": 0.029411764705882353,
    "n_classes": 34,
    "n_splits": 4,
    "cv": "StratifiedGroupKFold",
    "per_class_recall": {
      "\u0ca5_\u0ca5": 0.8862973760932945,
      "\u0ca5\ufe4f\u0ca5": 0.15527950310559005,
      "^_^": 0.6105263157894737,
      "(^_^)": 0.19148936170212766,
      "(\u2312\u25bd\u2312)": 0.18181818181818182,
      "(o_o)": 0.14634146341463414,
      "(\u0ca5\ufe4f\u0ca5)": 0.10344827586206896,
      "(\u0e51\u30fb\u0300\u3141\u30fb\u0301\u0e51)": 0.0,
      "(^-^)": 0.1111111111111111,
      "\u0ca0_\u0ca0": 0.0,
      "(\u2310\u25a0_\u25a0)": 0.0,
      "(^\u203f^)": 0.0,
      "(\u00b4\u30fb\u03c9\u30fb`)": 0.0,
      "(o^^o)": 0.18181818181818182,
      "(T-T)": 0.0,
      "\u2665\u203f\u2665": 0.5555555555555556,
      "(\u25d5\u203f\u25d5)": 0.0,
      "(\uff61\u30fb\u0301\ufe3f\u30fb\u0300\uff61)": 0.0,
      "(^o^)": 0.25,
      "(\u2312\u203f\u2312)": 0.0,
      "(o^_^o)": 0.0,
      "(\u232f\u02c3\u1dc4": 0.0,
      "(O_O)": 0.0,
      "(>\ufe4f<)": 0.0,
      "(`\u2312\u00b4)": 0.0,
      "\u2665\u2665\u2665": 0.16666666666666666,
      "(\u02c6\u203f\u02c6\u0505)": 0.16666666666666666,
      "(\u00b0\u25c7\u00b0)": 0.0,
      "(^\u25bd^)": 0.0,
      "(`\u2312\u00b4\u30e1)": 0.0,
      "(\u00b4\u2207`)": 0.0,
      ":(": 0.0,
      "(\u2565\ufe4f\u2565)": 0.0,
      "(\u00b4\u25bd`)": 0.0
    }
  },
  "hidden_to_quadrant": {
    "accuracy": 0.9749134948096886,
    "macro_f1": 0.9725112766574189,
    "majority_baseline": 0.26211072664359863,
    "uniform_baseline": 0.14285714285714285,
    "n_classes": 7,
    "n_splits": 5,
    "cv": "StratifiedGroupKFold",
    "per_class_recall": {
      "HN": 1.0,
      "HP": 0.9607843137254902,
      "HB": 0.9507042253521126,
      "NB": 0.946969696969697,
      "LN": 0.9461538461538461,
      "NP": 1.0,
      "LP": 1.0
    }
  },
  "face_to_hidden_eta2": {
    "pcs": [
      {
        "pc": 1,
        "explained_variance_ratio": 0.25513628125190735,
        "eta_squared": 0.7035874128341675
      },
      {
        "pc": 2,
        "explained_variance_ratio": 0.09270098805427551,
        "eta_squared": 0.4284704625606537
      },
      {
        "pc": 3,
        "explained_variance_ratio": 0.07538317888975143,
        "eta_squared": 0.3999857008457184
      },
      {
        "pc": 4,
        "explained_variance_ratio": 0.051296088844537735,
        "eta_squared": 0.048661451786756516
      },
      {
        "pc": 5,
        "explained_variance_ratio": 0.035505764186382294,
        "eta_squared": 0.1589706987142563
      }
    ],
    "weighted_eta2_top_k": 0.25752302321305093,
    "topk_explained_variance": 0.5100222826004028,
    "weighted_eta2_normalized": 0.5049250434707331
  },
  "centroid_approximation_quality": {
    "n_rows": 1014,
    "n_features": 245760,
    "face": {
      "r2": 0.2951626043451361,
      "mean_centered_cosine": 0.5099232929797303,
      "median_centered_cosine": 0.59213787317276,
      "mean_error_over_baseline": 0.8364904522895813
    },
    "quadrant": {
      "r2": 0.39073364964640545,
      "mean_centered_cosine": 0.6233439290238438,
      "median_centered_cosine": 0.6657074391841888,
      "mean_error_over_baseline": 0.7725906372070312
    }
  }
}